{"accuracy": [0.9189837574958801, 0.9619265794754028, 0.9640084505081177, 0.9661256074905396, 0.9649964570999146, 0.9670783281326294, 0.9683486223220825, 0.968948483467102, 0.9695836305618286, 0.9712773561477661, 0.9706422090530396, 0.9720536470413208, 0.9717007875442505, 0.972230076789856, 0.97230064868927, 0.9730063676834106, 0.9732533693313599, 0.9735003709793091, 0.9737120866775513, 0.9740296602249146, 0.974488377571106, 0.9741355180740356, 0.9749823808670044, 0.9751588106155396, 0.9744530916213989, 0.9754058122634888, 0.975688099861145, 0.9759703874588013, 0.975723385810852, 0.9753705263137817, 0.9754410982131958, 0.9761468172073364, 0.9758645296096802, 0.9766407608985901, 0.9764996767044067], "loss": [0.45216041803359985, 0.22292515635490417, 0.198120579123497, 0.18100446462631226, 0.17113922536373138, 0.15837706625461578, 0.1495579034090042, 0.14511193335056305, 0.1364729255437851, 0.1305440217256546, 0.1264728307723999, 0.12054551392793655, 0.1192576140165329, 0.11563923954963684, 0.11301810294389725, 0.10866951942443848, 0.1073441430926323, 0.10566150397062302, 0.10397088527679443, 0.10287095606327057, 0.09998373687267303, 0.10042519867420197, 0.09766221046447754, 0.096126489341259, 0.09642895311117172, 0.09440388530492783, 0.09277596324682236, 0.09205261617898941, 0.09217788279056549, 0.09082383662462234, 0.09042646735906601, 0.08867598325014114, 0.08922446519136429, 0.0878530964255333, 0.08855034410953522], "val_accuracy": [0.9617339968681335, 0.9675232768058777, 0.9675232768058777, 0.9680880904197693, 0.9735950231552124, 0.9693589210510254, 0.967099666595459, 0.9702061414718628, 0.9711945652961731, 0.9719005823135376, 0.9771251082420349, 0.9719005823135376, 0.9728890061378479, 0.974159836769104, 0.9738774299621582, 0.9706297516822815, 0.9762778878211975, 0.9782547354698181, 0.9733126163482666, 0.9728890061378479, 0.9767014980316162, 0.9751482605934143, 0.9737362265586853, 0.9758542776107788, 0.976983904838562, 0.9748658537864685, 0.9752894639968872, 0.9717593789100647, 0.9761366844177246, 0.9764190912246704, 0.9740186333656311, 0.9747246503829956, 0.9744422435760498, 0.9733126163482666, 0.9734538197517395], "val_loss": [0.2011866271495819, 0.1543452888727188, 0.14700385928153992, 0.13394810259342194, 0.11656735837459564, 0.11477331817150116, 0.11762107163667679, 0.10347571223974228, 0.09490597993135452, 0.08928028494119644, 0.08080132305622101, 0.08716028183698654, 0.08078032732009888, 0.07689818739891052, 0.07575710862874985, 0.07739527523517609, 0.06969299167394638, 0.06439365446567535, 0.07020082324743271, 0.0696752592921257, 0.06383266299962997, 0.06475940346717834, 0.0660710334777832, 0.06047109514474869, 0.059593863785266876, 0.06264957040548325, 0.06044885888695717, 0.06632986664772034, 0.06037523224949837, 0.06109868735074997, 0.06144257262349129, 0.060827020555734634, 0.060473378747701645, 0.06314873695373535, 0.061844829469919205], "learning_rate": [9.999999747378752e-05, 9.999999747378752e-05, 9.999999747378752e-05, 9.999999747378752e-05, 9.999999747378752e-05, 9.999999747378752e-05, 9.999999747378752e-05, 9.999999747378752e-05, 9.999999747378752e-05, 9.999999747378752e-05, 9.999999747378752e-05, 9.999999747378752e-05, 9.999999747378752e-05, 9.999999747378752e-05, 9.999999747378752e-05, 9.999999747378752e-05, 9.999999747378752e-05, 9.999999747378752e-05, 9.999999747378752e-05, 9.999999747378752e-05, 9.999999747378752e-05, 9.999999747378752e-05, 9.999999747378752e-05, 9.999999747378752e-05, 9.999999747378752e-05, 9.999999747378752e-05, 9.999999747378752e-05, 9.999999747378752e-05, 9.999999747378752e-05, 9.999999747378752e-05, 1.9999999494757503e-05, 1.9999999494757503e-05, 1.9999999494757503e-05, 1.9999999494757503e-05, 1.9999999494757503e-05]}