{"accuracy": [0.9171136021614075, 0.962103009223938, 0.9641143083572388, 0.9663020372390747, 0.9664431810379028, 0.9683133363723755, 0.9693013429641724, 0.9699012041091919, 0.9713479280471802, 0.9715596437454224, 0.9726182222366333, 0.972230076789856, 0.9725123643875122, 0.9721595048904419, 0.9730416536331177, 0.9730416536331177, 0.9737826585769653, 0.9736768007278442, 0.9738532304763794, 0.9738179445266724, 0.974594235420227, 0.97455894947052, 0.9742060899734497, 0.9751235246658325, 0.9751940965652466, 0.9755822420120239, 0.9753705263137817, 0.975723385810852, 0.9753352403640747, 0.9748765230178833, 0.9759351015090942, 0.975723385810852, 0.9758645296096802, 0.9761821031570435, 0.9761115312576294, 0.975617527961731, 0.9761821031570435, 0.9762173891067505, 0.9758998155593872, 0.9760409593582153, 0.9763938188552856, 0.9763232469558716, 0.9757586717605591], "loss": [0.44687849283218384, 0.21591374278068542, 0.1943301260471344, 0.17905080318450928, 0.16611209511756897, 0.15595845878124237, 0.14802508056163788, 0.14340044558048248, 0.13539639115333557, 0.13110539317131042, 0.12491457909345627, 0.12234988808631897, 0.118856281042099, 0.11594878882169724, 0.11099199950695038, 0.11075299233198166, 0.10666882991790771, 0.10602276772260666, 0.10292957723140717, 0.10111688822507858, 0.09997285157442093, 0.0990663468837738, 0.09749848395586014, 0.09690283238887787, 0.09479393810033798, 0.09413929283618927, 0.09210355579853058, 0.0935467779636383, 0.09290975332260132, 0.09204834699630737, 0.09218993782997131, 0.09120393544435501, 0.09289077669382095, 0.09056579321622849, 0.09119760245084763, 0.09053684771060944, 0.08942994475364685, 0.09081637859344482, 0.0913199931383133, 0.09104801714420319, 0.08972707390785217, 0.09014871716499329, 0.09117581695318222], "val_accuracy": [0.9645580053329468, 0.9687941074371338, 0.9690765142440796, 0.9696413278579712, 0.9700649380683899, 0.9747246503829956, 0.971335768699646, 0.9752894639968872, 0.9778311252593994, 0.9752894639968872, 0.9764190912246704, 0.978395938873291, 0.9765602946281433, 0.9762778878211975, 0.9752894639968872, 0.9737362265586853, 0.974159836769104, 0.974159836769104, 0.9757130742073059, 0.9768427014350891, 0.9754306674003601, 0.9744422435760498, 0.9733126163482666, 0.9745834469795227, 0.9752894639968872, 0.9750070571899414, 0.975571870803833, 0.9747246503829956, 0.9759954810142517, 0.9759954810142517, 0.9758542776107788, 0.9751482605934143, 0.9759954810142517, 0.9761366844177246, 0.9759954810142517, 0.9751482605934143, 0.9750070571899414, 0.9744422435760498, 0.9751482605934143, 0.9745834469795227, 0.9748658537864685, 0.9754306674003601, 0.9750070571899414], "val_loss": [0.17735613882541656, 0.1520705372095108, 0.1360606551170349, 0.12591256201267242, 0.11999858170747757, 0.10722747445106506, 0.11036112904548645, 0.09735006839036942, 0.08800793439149857, 0.08788122236728668, 0.08308937400579453, 0.0758383497595787, 0.07824941724538803, 0.07673775404691696, 0.07882706820964813, 0.07634472101926804, 0.07550112903118134, 0.07781273126602173, 0.06868940591812134, 0.06588055938482285, 0.06942296773195267, 0.06828058511018753, 0.07082800567150116, 0.06868299096822739, 0.06756919622421265, 0.06701456010341644, 0.06672298908233643, 0.0668862983584404, 0.06526704132556915, 0.06440384685993195, 0.06564563512802124, 0.06619936972856522, 0.06389757990837097, 0.06435389071702957, 0.06448891013860703, 0.06499240547418594, 0.06456887722015381, 0.06679344177246094, 0.06479860842227936, 0.06571730226278305, 0.06497672945261002, 0.064472995698452, 0.06456797569990158], "learning_rate": [9.999999747378752e-05, 9.999999747378752e-05, 9.999999747378752e-05, 9.999999747378752e-05, 9.999999747378752e-05, 9.999999747378752e-05, 9.999999747378752e-05, 9.999999747378752e-05, 9.999999747378752e-05, 9.999999747378752e-05, 9.999999747378752e-05, 9.999999747378752e-05, 9.999999747378752e-05, 9.999999747378752e-05, 9.999999747378752e-05, 9.999999747378752e-05, 9.999999747378752e-05, 9.999999747378752e-05, 9.999999747378752e-05, 9.999999747378752e-05, 9.999999747378752e-05, 9.999999747378752e-05, 9.999999747378752e-05, 9.999999747378752e-05, 9.999999747378752e-05, 1.9999999494757503e-05, 1.9999999494757503e-05, 1.9999999494757503e-05, 1.9999999494757503e-05, 1.9999999494757503e-05, 1.9999999494757503e-05, 1.9999999494757503e-05, 1.9999999494757503e-05, 1.9999999494757503e-05, 1.9999999494757503e-05, 1.9999999494757503e-05, 1.9999999494757503e-05, 1.9999999494757503e-05, 9.999999747378752e-06, 9.999999747378752e-06, 9.999999747378752e-06, 9.999999747378752e-06, 9.999999747378752e-06]}