{"accuracy": [0.9158433079719543, 0.9651728868484497, 0.9663373231887817, 0.966690182685852, 0.9672194719314575, 0.967748761177063, 0.970077633857727, 0.9709244966506958, 0.9713832139968872, 0.9721242189407349, 0.9729710817337036, 0.9736062288284302, 0.9740649461746216, 0.9742060899734497, 0.9739238023757935, 0.9741708040237427, 0.9750176668167114, 0.9747706651687622, 0.9748412370681763, 0.9749470949172974, 0.9752999544143677, 0.9746295213699341, 0.9758292436599731, 0.9759351015090942, 0.975617527961731, 0.9758292436599731, 0.9764643907546997, 0.975617527961731, 0.9761821031570435, 0.9759703874588013, 0.9762526750564575, 0.9762879610061646, 0.9764996767044067, 0.9761821031570435, 0.9760762453079224, 0.9763232469558716, 0.9768877625465393, 0.9773111939430237, 0.9778051972389221, 0.9773817658424377], "loss": [0.4524209499359131, 0.21556170284748077, 0.19198866188526154, 0.1795351207256317, 0.16732586920261383, 0.15689373016357422, 0.1470029652118683, 0.1405375450849533, 0.1337440311908722, 0.12903505563735962, 0.12097277492284775, 0.11868783086538315, 0.11394944041967392, 0.11192838102579117, 0.10872507840394974, 0.10514615476131439, 0.10370437800884247, 0.10264893621206284, 0.10018708556890488, 0.09894037246704102, 0.09739618748426437, 0.09427236765623093, 0.09407170116901398, 0.09255217760801315, 0.09326926618814468, 0.09169179201126099, 0.09059353172779083, 0.08938706666231155, 0.08924353122711182, 0.08863049000501633, 0.08611822873353958, 0.08562083542346954, 0.08644673228263855, 0.08571267873048782, 0.08427082002162933, 0.08286605030298233, 0.08220486342906952, 0.08285947889089584, 0.08156101405620575, 0.08224897086620331], "val_accuracy": [0.963852047920227, 0.9672408699989319, 0.9676644802093506, 0.9669584631919861, 0.9697825312614441, 0.9689353108406067, 0.9689353108406067, 0.9693589210510254, 0.9693589210510254, 0.9700649380683899, 0.969923734664917, 0.9714769721031189, 0.9730302095413208, 0.9721829891204834, 0.9730302095413208, 0.9731714129447937, 0.9697825312614441, 0.9737362265586853, 0.9726065993309021, 0.9720417857170105, 0.9728890061378479, 0.9726065993309021, 0.9743010401725769, 0.9731714129447937, 0.9702061414718628, 0.9733126163482666, 0.969923734664917, 0.9733126163482666, 0.9724653959274292, 0.9733126163482666, 0.9728890061378479, 0.969923734664917, 0.9726065993309021, 0.9734538197517395, 0.9734538197517395, 0.9734538197517395, 0.9730302095413208, 0.9744422435760498, 0.9734538197517395, 0.9734538197517395], "val_loss": [0.17491871118545532, 0.164876788854599, 0.14880873262882233, 0.13881316781044006, 0.12441696971654892, 0.12392792850732803, 0.11622472107410431, 0.11120236665010452, 0.10474838316440582, 0.09747107326984406, 0.09734389185905457, 0.08805408328771591, 0.08417266607284546, 0.08650089055299759, 0.07999121397733688, 0.07774434983730316, 0.08309563994407654, 0.07496711611747742, 0.07475891709327698, 0.07875389605760574, 0.07108301669359207, 0.07307156175374985, 0.0709758773446083, 0.07068359851837158, 0.07201077044010162, 0.06785325706005096, 0.07358627021312714, 0.06783869117498398, 0.06856738030910492, 0.06370888650417328, 0.06868959963321686, 0.0676368847489357, 0.07020198553800583, 0.06746871769428253, 0.06659311056137085, 0.0656258761882782, 0.06619589775800705, 0.06407447904348373, 0.06531351059675217, 0.06450315564870834], "learning_rate": [9.999999747378752e-05, 9.999999747378752e-05, 9.999999747378752e-05, 9.999999747378752e-05, 9.999999747378752e-05, 9.999999747378752e-05, 9.999999747378752e-05, 9.999999747378752e-05, 9.999999747378752e-05, 9.999999747378752e-05, 9.999999747378752e-05, 9.999999747378752e-05, 9.999999747378752e-05, 9.999999747378752e-05, 9.999999747378752e-05, 9.999999747378752e-05, 9.999999747378752e-05, 9.999999747378752e-05, 9.999999747378752e-05, 9.999999747378752e-05, 9.999999747378752e-05, 9.999999747378752e-05, 9.999999747378752e-05, 9.999999747378752e-05, 9.999999747378752e-05, 9.999999747378752e-05, 9.999999747378752e-05, 9.999999747378752e-05, 9.999999747378752e-05, 9.999999747378752e-05, 9.999999747378752e-05, 9.999999747378752e-05, 9.999999747378752e-05, 9.999999747378752e-05, 9.999999747378752e-05, 1.9999999494757503e-05, 1.9999999494757503e-05, 1.9999999494757503e-05, 1.9999999494757503e-05, 1.9999999494757503e-05]}