{"accuracy": [0.9215596318244934, 0.9637967348098755, 0.9659138917922974, 0.96778404712677, 0.9688073396682739, 0.9698306322097778, 0.9706774950027466, 0.9715243577957153, 0.9714890718460083, 0.9729005098342896, 0.9718772172927856, 0.9730769395828247, 0.9729005098342896, 0.9730416536331177, 0.9735356569290161, 0.9739590883255005, 0.9741002321243286, 0.9746648073196411, 0.9743119478225708, 0.9738885164260864, 0.974594235420227, 0.9749823808670044, 0.9754410982131958, 0.975617527961731, 0.9755469560623169, 0.9763585329055786, 0.9768171906471252, 0.9764291048049927, 0.9763585329055786, 0.9769230484962463, 0.976570188999176, 0.9771700501441956, 0.9768877625465393, 0.9769583344459534, 0.9774876236915588, 0.9768877625465393, 0.9772053360939026, 0.9766760468482971, 0.9766760468482971, 0.9764643907546997], "loss": [0.4523685574531555, 0.22313931584358215, 0.19862262904644012, 0.18149782717227936, 0.16729006171226501, 0.15993617475032806, 0.15006192028522491, 0.1430431306362152, 0.1369687020778656, 0.13043645024299622, 0.1257246732711792, 0.12158016860485077, 0.11817800253629684, 0.11371662467718124, 0.11062613874673843, 0.10777302831411362, 0.10636227577924728, 0.10305392742156982, 0.10230144113302231, 0.1008232831954956, 0.1000988706946373, 0.09722783416509628, 0.09449388086795807, 0.09445150941610336, 0.09356661885976791, 0.09142274409532547, 0.09059653431177139, 0.08926943689584732, 0.09134619683027267, 0.08911371976137161, 0.08925515413284302, 0.0897533968091011, 0.08826439827680588, 0.08760301768779755, 0.08666422963142395, 0.08806934207677841, 0.08753097057342529, 0.08744741231203079, 0.08730083703994751, 0.08795926719903946], "val_accuracy": [0.9627224206924438, 0.9714769721031189, 0.9724653959274292, 0.9724653959274292, 0.9748658537864685, 0.9791019558906555, 0.9745834469795227, 0.9757130742073059, 0.9768427014350891, 0.9772663116455078, 0.976983904838562, 0.9771251082420349, 0.9752894639968872, 0.9779723286628723, 0.9772663116455078, 0.9782547354698181, 0.9778311252593994, 0.9762778878211975, 0.9764190912246704, 0.9757130742073059, 0.9765602946281433, 0.9771251082420349, 0.9750070571899414, 0.9771251082420349, 0.9740186333656311, 0.9775487184524536, 0.9747246503829956, 0.976983904838562, 0.9772663116455078, 0.9774075150489807, 0.9768427014350891, 0.9768427014350891, 0.976983904838562, 0.9768427014350891, 0.9772663116455078, 0.9765602946281433, 0.9771251082420349, 0.9764190912246704, 0.9767014980316162, 0.9764190912246704], "val_loss": [0.17630420625209808, 0.15788918733596802, 0.13881590962409973, 0.1357160359621048, 0.11776812374591827, 0.10394065082073212, 0.1029491052031517, 0.1003318801522255, 0.0906418114900589, 0.08405547589063644, 0.08418422937393188, 0.07890798896551132, 0.08249000459909439, 0.07217051833868027, 0.0769738107919693, 0.06877116113901138, 0.06760559231042862, 0.07075745612382889, 0.06773540377616882, 0.06482338905334473, 0.06423044204711914, 0.06126025319099426, 0.06386684626340866, 0.06404567509889603, 0.06700148433446884, 0.061618201434612274, 0.06539326906204224, 0.061042457818984985, 0.06064968183636665, 0.059155311435461044, 0.060469262301921844, 0.06054794788360596, 0.06104287877678871, 0.060148682445287704, 0.060641296207904816, 0.0609695240855217, 0.060213956981897354, 0.06106843054294586, 0.06068601831793785, 0.060328271239995956], "learning_rate": [9.999999747378752e-05, 9.999999747378752e-05, 9.999999747378752e-05, 9.999999747378752e-05, 9.999999747378752e-05, 9.999999747378752e-05, 9.999999747378752e-05, 9.999999747378752e-05, 9.999999747378752e-05, 9.999999747378752e-05, 9.999999747378752e-05, 9.999999747378752e-05, 9.999999747378752e-05, 9.999999747378752e-05, 9.999999747378752e-05, 9.999999747378752e-05, 9.999999747378752e-05, 9.999999747378752e-05, 9.999999747378752e-05, 9.999999747378752e-05, 9.999999747378752e-05, 9.999999747378752e-05, 9.999999747378752e-05, 9.999999747378752e-05, 9.999999747378752e-05, 9.999999747378752e-05, 9.999999747378752e-05, 1.9999999494757503e-05, 1.9999999494757503e-05, 1.9999999494757503e-05, 1.9999999494757503e-05, 1.9999999494757503e-05, 1.9999999494757503e-05, 1.9999999494757503e-05, 1.9999999494757503e-05, 9.999999747378752e-06, 9.999999747378752e-06, 9.999999747378752e-06, 9.999999747378752e-06, 9.999999747378752e-06]}