{"accuracy": [0.9237826466560364, 0.964361310005188, 0.9661256074905396, 0.9667607545852661, 0.9685956239700317, 0.9690190553665161, 0.9706422090530396, 0.9714184999465942, 0.9721242189407349, 0.9727240800857544, 0.9729357957839966, 0.9730063676834106, 0.9730769395828247, 0.9735356569290161, 0.9732180833816528, 0.9741355180740356, 0.9739590883255005, 0.9742060899734497, 0.9743472337722778, 0.9742413759231567, 0.9748412370681763, 0.9748765230178833, 0.9750529527664185, 0.9748412370681763, 0.9750176668167114, 0.974523663520813, 0.975652813911438, 0.9752999544143677, 0.9750529527664185, 0.9755116701126099, 0.9750529527664185, 0.9747353792190552, 0.975617527961731], "loss": [0.45670193433761597, 0.22014489769935608, 0.19670069217681885, 0.18092934787273407, 0.16613072156906128, 0.1575196534395218, 0.14744336903095245, 0.13979992270469666, 0.13468019664287567, 0.1274409145116806, 0.12269443273544312, 0.11903920769691467, 0.11656133830547333, 0.11081161350011826, 0.10886115580797195, 0.10641193389892578, 0.1044292226433754, 0.10337051004171371, 0.10027799755334854, 0.0985838919878006, 0.0958697572350502, 0.09600790590047836, 0.09432990849018097, 0.09528814256191254, 0.09562192857265472, 0.09548673033714294, 0.0950198769569397, 0.09480128437280655, 0.09426842629909515, 0.09301772713661194, 0.09294465184211731, 0.09303420782089233, 0.09312976896762848], "val_accuracy": [0.9597571492195129, 0.9644168019294739, 0.9654052257537842, 0.971335768699646, 0.9737362265586853, 0.969923734664917, 0.9723241925239563, 0.9748658537864685, 0.972747802734375, 0.9709121584892273, 0.9700649380683899, 0.9695001244544983, 0.9733126163482666, 0.9743010401725769, 0.975571870803833, 0.9711945652961731, 0.972747802734375, 0.9721829891204834, 0.9703473448753357, 0.9728890061378479, 0.9744422435760498, 0.9735950231552124, 0.9751482605934143, 0.9735950231552124, 0.9737362265586853, 0.9737362265586853, 0.9730302095413208, 0.9728890061378479, 0.9730302095413208, 0.9733126163482666, 0.9731714129447937, 0.9737362265586853, 0.9734538197517395], "val_loss": [0.21000342071056366, 0.17743171751499176, 0.15638791024684906, 0.13875018060207367, 0.1253174990415573, 0.11923106759786606, 0.11161208897829056, 0.10158790647983551, 0.10105845332145691, 0.09764176607131958, 0.09811914712190628, 0.09410475194454193, 0.08532381057739258, 0.08345096558332443, 0.07725342363119125, 0.08179905265569687, 0.07947470992803574, 0.07798416912555695, 0.07852359861135483, 0.07718803733587265, 0.0731130838394165, 0.07369979470968246, 0.07110700756311417, 0.0730397030711174, 0.07248691469430923, 0.07290587574243546, 0.07310789823532104, 0.07348074018955231, 0.07298650592565536, 0.07269146293401718, 0.07284190505743027, 0.07188980281352997, 0.07178609073162079], "learning_rate": [9.999999747378752e-05, 9.999999747378752e-05, 9.999999747378752e-05, 9.999999747378752e-05, 9.999999747378752e-05, 9.999999747378752e-05, 9.999999747378752e-05, 9.999999747378752e-05, 9.999999747378752e-05, 9.999999747378752e-05, 9.999999747378752e-05, 9.999999747378752e-05, 9.999999747378752e-05, 9.999999747378752e-05, 9.999999747378752e-05, 9.999999747378752e-05, 9.999999747378752e-05, 9.999999747378752e-05, 9.999999747378752e-05, 9.999999747378752e-05, 1.9999999494757503e-05, 1.9999999494757503e-05, 1.9999999494757503e-05, 1.9999999494757503e-05, 1.9999999494757503e-05, 1.9999999494757503e-05, 1.9999999494757503e-05, 1.9999999494757503e-05, 9.999999747378752e-06, 9.999999747378752e-06, 9.999999747378752e-06, 9.999999747378752e-06, 9.999999747378752e-06]}