UDI,Product ID,Type,Air temperature [K],Process temperature [K],Rotational speed [rpm],Torque [Nm],Tool wear [min],Machine failure,TWF,HDF,PWF,OSF,RNF
1,M14860,M,-1.224744871390893,-0.26726124191220735,1.6227931925991332,-0.21179145631966198,-1.5364425591947517,0,0,0,0,0,0
2,L47181,L,0.8164965809284223,1.069044967649589,-0.9161502050121996,0.7147961650788542,-0.5761659596980319,0,0,0,0,0,0
3,L47182,L,-1.224744871390893,-1.6035674514747633,0.6817861990788491,1.5354880583175405,0.06401843996644804,0,0,0,0,0,0
4,L47183,L,0.8164965809284223,-0.26726124191220735,-0.472278981653575,-1.0854312136382622,0.7042028396309279,0,0,0,0,0,0
5,L47184,L,0.8164965809284223,1.069044967649589,-0.9161502050121996,-0.9530615534384742,1.3443872392954077,0,0,0,0,0,0
