UDI,Product ID,Type,Air temperature [K],Process temperature [K],Rotational speed [rpm],Torque [Nm],Tool wear [min],Machine failure,TWF,HDF,PWF,OSF,RNF,Air temperature [K]_lag_1,Process temperature [K]_lag_1,Rotational speed [rpm]_lag_1,Torque [Nm]_lag_1,Tool wear [min]_lag_1,Air temperature [K]_lag_2,Process temperature [K]_lag_2,Rotational speed [rpm]_lag_2,Torque [Nm]_lag_2,Tool wear [min]_lag_2,Air temperature [K]_lag_3,Process temperature [K]_lag_3,Rotational speed [rpm]_lag_3,Torque [Nm]_lag_3,Tool wear [min]_lag_3
4,L47183,L,0.8164965809284223,-0.26726124191220735,-0.472278981653575,-1.0854312136382622,0.7042028396309279,0,0,0,0,0,0,-1.224744871390893,-1.6035674514747633,0.6817861990788491,1.5354880583175405,0.06401843996644804,0.8164965809284223,1.069044967649589,-0.9161502050121996,0.7147961650788542,-0.5761659596980319,-1.224744871390893,-0.26726124191220735,1.6227931925991332,-0.21179145631966198,-1.5364425591947517
5,L47184,L,0.8164965809284223,1.069044967649589,-0.9161502050121996,-0.9530615534384742,1.3443872392954077,0,0,0,0,0,0,0.8164965809284223,-0.26726124191220735,-0.472278981653575,-1.0854312136382622,0.7042028396309279,-1.224744871390893,-1.6035674514747633,0.6817861990788491,1.5354880583175405,0.06401843996644804,0.8164965809284223,1.069044967649589,-0.9161502050121996,0.7147961650788542,-0.5761659596980319
